step,loss_total,loss_base,loss_stft,lr
145050,0.3533274233341217,0.2600030303001404,0.933243989944458,5e-05
145100,0.4165939688682556,0.34341269731521606,0.7318126559257507,5e-05
145150,0.4272126257419586,0.32471373677253723,1.0249888896942139,5e-05
145200,0.37219667434692383,0.2777867317199707,0.9440993666648865,5e-05
145250,0.3594313859939575,0.2717286944389343,0.8770268559455872,5e-05
145300,0.39065253734588623,0.30108800530433655,0.8956452012062073,5e-05
145350,0.34572741389274597,0.25516313314437866,0.9056426882743835,5e-05
145400,0.4386990964412689,0.35175466537475586,0.8694441914558411,5e-05
145450,0.4485975503921509,0.34969329833984375,0.9890424013137817,5e-05
145500,0.4180375933647156,0.32995617389678955,0.880814254283905,5e-05
145550,0.394822895526886,0.29745808243751526,0.9736481308937073,5e-05
145600,0.42181557416915894,0.3301170766353607,0.916985034942627,5e-05
145650,0.3445793390274048,0.26131922006607056,0.832601010799408,5e-05
145700,0.3427010476589203,0.2362382560968399,1.064628005027771,5e-05
145750,0.3670539855957031,0.28274083137512207,0.8431314826011658,5e-05
145800,0.3633500337600708,0.2802260220050812,0.8312402367591858,5e-05
145850,0.33188527822494507,0.24314457178115845,0.8874069452285767,5e-05
145900,0.36583155393600464,0.273407518863678,0.9242401719093323,5e-05
145950,0.3484772741794586,0.2571175694465637,0.9135969877243042,5e-05
146000,0.4341987371444702,0.32118290662765503,1.1301581859588623,5e-05
146050,0.37491920590400696,0.28656527400016785,0.8835393786430359,5e-05
146100,0.4293093681335449,0.33613455295562744,0.9317479729652405,5e-05
146150,0.4524328410625458,0.3561854362487793,0.9624741077423096,5e-05
146200,0.3699052333831787,0.2933723032474518,0.7653293013572693,5e-05
146250,0.4008903503417969,0.28533583879470825,1.1555451154708862,5e-05
146350,0.3202550411224365,0.21755331754684448,1.0270172357559204,5e-05
146400,0.3840542137622833,0.27787652611732483,1.0617767572402954,5e-05
146450,0.3178428113460541,0.22937121987342834,0.8847157955169678,5e-05
146500,0.2827724814414978,0.1955350786447525,0.8723739385604858,5e-05
146550,0.40463340282440186,0.3272368907928467,0.773965060710907,5e-05
146600,0.4395650625228882,0.3759896159172058,0.6357545852661133,5e-05
146650,0.367051362991333,0.28663551807403564,0.8041583299636841,5e-05
146700,0.34972473978996277,0.24462592601776123,1.0509880781173706,5e-05
146750,0.39338552951812744,0.31631937623023987,0.7706613540649414,5e-05
146800,0.3844006061553955,0.3023894429206848,0.8201115727424622,5e-05
146850,0.329787015914917,0.2252459079027176,1.0454111099243164,5e-05
146900,0.43254411220550537,0.35910946130752563,0.734346330165863,5e-05
146950,0.46163076162338257,0.3529057204723358,1.0872502326965332,5e-05
147000,0.3542529344558716,0.280653715133667,0.7359920144081116,5e-05
147050,0.5430163145065308,0.4502587914466858,0.9275750517845154,5e-05
147100,0.4121377468109131,0.31351569294929504,0.9862204790115356,5e-05
147150,0.3213885426521301,0.22954517602920532,0.9184336066246033,5e-05
147200,0.330239474773407,0.23915916681289673,0.9108030200004578,5e-05
147250,0.36198166012763977,0.2773018479347229,0.8467981219291687,5e-05
147300,0.33294668793678284,0.24305030703544617,0.8989637494087219,5e-05
147350,0.5124765634536743,0.4193636178970337,0.9311293959617615,5e-05
147400,0.3606567978858948,0.2757634222507477,0.8489336371421814,5e-05
147450,0.3603631258010864,0.27646753191947937,0.8389559984207153,5e-05
147500,0.39127233624458313,0.31477606296539307,0.7649626135826111,5e-05
147550,0.4350420832633972,0.3318241834640503,1.0321791172027588,5e-05
147600,0.3496558666229248,0.24597930908203125,1.036765694618225,5e-05
147650,0.3500075340270996,0.26486390829086304,0.8514363765716553,5e-05
147700,0.4260469973087311,0.3288085162639618,0.9723848104476929,5e-05
147750,0.3608595132827759,0.26908183097839355,0.9177767038345337,5e-05
147800,0.35796087980270386,0.2768165171146393,0.8114437460899353,5e-05
147850,0.3531336486339569,0.2803524136543274,0.7278122901916504,5e-05
147900,0.3712543547153473,0.27389323711395264,0.973611056804657,5e-05
147950,0.3119700849056244,0.23109176754951477,0.8087830543518066,5e-05
148000,0.3464917242527008,0.25299620628356934,0.9349551796913147,5e-05
148050,0.367176353931427,0.28215813636779785,0.8501821160316467,5e-05
148100,0.4740753769874573,0.3917210102081299,0.8235435485839844,5e-05
148150,0.3305267095565796,0.2549877464771271,0.7553897500038147,5e-05
148200,0.35834455490112305,0.2856347858905792,0.7270975112915039,5e-05
148250,0.3825775384902954,0.25219839811325073,1.3037914037704468,5e-05
148300,0.37628045678138733,0.28834769129753113,0.8793275952339172,5e-05
148350,0.3525896370410919,0.25617823004722595,0.9641140103340149,5e-05
148400,0.4101760983467102,0.3344724774360657,0.7570363283157349,5e-05
148450,0.44399169087409973,0.33139145374298096,1.126002311706543,5e-05
148500,0.372465044260025,0.25897109508514404,1.1349395513534546,5e-05
148550,0.3299392759799957,0.24602118134498596,0.8391808271408081,5e-05
148600,0.40251511335372925,0.32325825095176697,0.7925684452056885,5e-05
148650,0.437722772359848,0.3523068130016327,0.8541594743728638,5e-05
148700,0.3047441244125366,0.2144859880208969,0.902581512928009,5e-05
148750,0.4008353352546692,0.3069858253002167,0.9384952187538147,5e-05
148800,0.4187041223049164,0.33428114652633667,0.8442297577857971,5e-05
148850,0.4240569472312927,0.3222298324108124,1.0182709693908691,5e-05
148900,0.32711324095726013,0.2294636368751526,0.9764959216117859,5e-05
148950,0.3992888331413269,0.3215394616127014,0.7774937748908997,5e-05
149000,0.33359187841415405,0.23766860365867615,0.9592325687408447,5e-05
149050,0.44626370072364807,0.365062952041626,0.8120074272155762,5e-05
149100,0.4238830804824829,0.32686352729797363,0.9701953530311584,5e-05
149150,0.3861740529537201,0.3031167984008789,0.8305726051330566,5e-05
149200,0.4100213646888733,0.3184518814086914,0.9156947135925293,5e-05
149250,0.3859051465988159,0.30365556478500366,0.8224958181381226,5e-05
149300,0.368893563747406,0.27454960346221924,0.9434395432472229,5e-05
149350,0.392742782831192,0.30521661043167114,0.875261664390564,5e-05
149400,0.38813304901123047,0.3075813353061676,0.8055170178413391,5e-05
149450,0.37245750427246094,0.3011382818222046,0.7131922841072083,5e-05
149500,0.354244202375412,0.2701462209224701,0.840979814529419,5e-05
149550,0.35928070545196533,0.27267488837242126,0.8660582304000854,5e-05
149600,0.3977324068546295,0.31956911087036133,0.7816330194473267,5e-05
149650,0.31764131784439087,0.22440090775489807,0.9324042201042175,5e-05
149700,0.3840080499649048,0.29975688457489014,0.8425117135047913,5e-05
149750,0.32966774702072144,0.24604079127311707,0.8362694382667542,5e-05
149800,0.37991341948509216,0.2803637385368347,0.9954967498779297,5e-05
149850,0.36522093415260315,0.2650170624256134,1.0020387172698975,5e-05
149900,0.4452347755432129,0.3303676247596741,1.1486715078353882,5e-05
149950,0.3537787199020386,0.24320286512374878,1.105758547782898,5e-05
150000,0.38866671919822693,0.28962355852127075,0.9904316067695618,5e-05
150050,0.3712216913700104,0.2871164083480835,0.8410528302192688,5e-05
150100,0.3939477205276489,0.29299044609069824,1.0095726251602173,5e-05
150150,0.38150137662887573,0.2866475284099579,0.9485384225845337,5e-05
150200,0.36095425486564636,0.29521724581718445,0.6573700308799744,5e-05
150250,0.38673874735832214,0.28330451250076294,1.0343422889709473,5e-05
150300,0.4725784957408905,0.3747868835926056,0.9779160022735596,5e-05
150350,0.3440452516078949,0.2575569748878479,0.86488276720047,5e-05
150400,0.37033647298812866,0.2717265486717224,0.986099362373352,5e-05
150450,0.36257246136665344,0.2771439552307129,0.8542851209640503,5e-05
150500,0.34974920749664307,0.25834792852401733,0.9140127301216125,5e-05
150550,0.39693862199783325,0.3128036856651306,0.841349184513092,5e-05
150600,0.393832802772522,0.30099165439605713,0.9284113049507141,5e-05
150650,0.4305409789085388,0.3438108563423157,0.867301344871521,5e-05
150700,0.3381578326225281,0.2482369840145111,0.8992085456848145,5e-05
150750,0.41563743352890015,0.3105696737766266,1.0506775379180908,5e-05
150800,0.350959450006485,0.26478898525238037,0.8617046475410461,5e-05
150850,0.34506648778915405,0.25513756275177,0.8992893695831299,5e-05
150900,0.3751859664916992,0.3054860234260559,0.6969993114471436,5e-05
150950,0.3613733649253845,0.2688198685646057,0.9255350232124329,5e-05
151000,0.3336475193500519,0.24955542385578156,0.8409209251403809,5e-05
151050,0.32282495498657227,0.23753899335861206,0.852859616279602,5e-05
151100,0.4627266526222229,0.37558674812316895,0.87139892578125,5e-05
151150,0.405624657869339,0.3282330632209778,0.7739160060882568,5e-05
151200,0.43333008885383606,0.33925580978393555,0.9407427906990051,5e-05
151250,0.3802085816860199,0.2788623571395874,1.0134623050689697,5e-05
151300,0.47153979539871216,0.3770661950111389,0.9447359442710876,5e-05
151350,0.3532410264015198,0.26971423625946045,0.8352678418159485,5e-05
151400,0.36201441287994385,0.27948975563049316,0.8252465724945068,5e-05
151450,0.31900936365127563,0.21863272786140442,1.0037662982940674,5e-05
151500,0.373203843832016,0.2954477071762085,0.7775613069534302,5e-05
151550,0.3919590413570404,0.30855268239974976,0.8340635299682617,5e-05
151600,0.3720714747905731,0.28785014152526855,0.8422132730484009,5e-05
151650,0.2854134738445282,0.199189692735672,0.862237811088562,5e-05
151700,0.5033659338951111,0.4148509204387665,0.8851500749588013,5e-05
151750,0.36781802773475647,0.28092533349990845,0.8689268231391907,5e-05
151800,0.3945074677467346,0.3052271008491516,0.8928036689758301,5e-05
151850,0.3502844572067261,0.28118813037872314,0.6909633874893188,5e-05
151900,0.3987043499946594,0.31620359420776367,0.8250074982643127,5e-05
151950,0.362530380487442,0.2660062313079834,0.9652413725852966,5e-05
152000,0.3731546998023987,0.275698721408844,0.9745597243309021,5e-05
152050,0.32821735739707947,0.24277666211128235,0.854407012462616,5e-05
152100,0.45705363154411316,0.3704496920108795,0.8660394549369812,5e-05
152150,0.3208620250225067,0.2304123491048813,0.9044968485832214,5e-05
152200,0.37766754627227783,0.3029807507991791,0.7468680143356323,5e-05
152250,0.37013423442840576,0.2857177257537842,0.8441649675369263,5e-05
152300,0.4049960672855377,0.3150978088378906,0.8989826440811157,5e-05
152350,0.31876760721206665,0.23143452405929565,0.8733306527137756,5e-05
152400,0.34834372997283936,0.26631343364715576,0.8203028440475464,5e-05
152450,0.34934189915657043,0.2555519640445709,0.9378992915153503,5e-05
152500,0.3320544362068176,0.24234555661678314,0.8970886468887329,5e-05
152550,0.3397711217403412,0.2588302195072174,0.8094090819358826,5e-05
152600,0.2922503352165222,0.21453824639320374,0.7771207690238953,5e-05
152650,0.4770464301109314,0.3828139305114746,0.9423249959945679,5e-05
152700,0.31917500495910645,0.23665288090705872,0.8252212405204773,5e-05
152750,0.422251433134079,0.33307600021362305,0.8917543888092041,5e-05
152800,0.36341142654418945,0.27477940917015076,0.886320173740387,5e-05
152850,0.3241695761680603,0.2341931015253067,0.8997646570205688,5e-05
152900,0.32958829402923584,0.24501833319664001,0.8456994295120239,5e-05
152950,0.3589773178100586,0.27788662910461426,0.810906708240509,5e-05
153000,0.3451739549636841,0.25743579864501953,0.8773816823959351,5e-05
153050,0.35331225395202637,0.2437397688627243,1.0957249402999878,5e-05
153100,0.4342743754386902,0.32375362515449524,1.1052075624465942,5e-05
153150,0.3852963149547577,0.3143986463546753,0.708976686000824,5e-05
153200,0.30434954166412354,0.20932504534721375,0.9502449035644531,5e-05
153250,0.47540462017059326,0.3641318082809448,1.1127281188964844,5e-05
153300,0.31422159075737,0.23195388913154602,0.822676956653595,5e-05
153350,0.4027569890022278,0.32148274779319763,0.8127423524856567,5e-05
153400,0.35133618116378784,0.2527933716773987,0.9854279160499573,5e-05
153450,0.43191754817962646,0.367416113615036,0.645014226436615,5e-05
153500,0.3181954622268677,0.24148544669151306,0.7671002149581909,5e-05
153550,0.3934286832809448,0.290708065032959,1.027206301689148,5e-05
153600,0.4579159617424011,0.3860955238342285,0.7182043790817261,5e-05
153650,0.37154167890548706,0.2804011404514313,0.9114053845405579,5e-05
153700,0.3013828992843628,0.23260089755058289,0.6878199577331543,5e-05
153750,0.36282408237457275,0.2581369876861572,1.0468710660934448,5e-05
153800,0.4294254779815674,0.3359639644622803,0.9346151351928711,5e-05
153850,0.36217865347862244,0.2938891649246216,0.6828948855400085,5e-05
153900,0.4657265245914459,0.3678692579269409,0.9785727262496948,5e-05
153950,0.3555186092853546,0.26887616515159607,0.8664243817329407,5e-05
154000,0.34512805938720703,0.27743640542030334,0.6769165992736816,5e-05
154050,0.37880104780197144,0.29144173860549927,0.8735932111740112,5e-05
154100,0.40282493829727173,0.32286834716796875,0.7995659112930298,5e-05
154150,0.392414927482605,0.30466172099113464,0.877531886100769,5e-05
154200,0.39518988132476807,0.3159160315990448,0.7927383780479431,5e-05
154250,0.41036301851272583,0.2981417775154114,1.1222124099731445,5e-05
154300,0.39106541872024536,0.2706567347049713,1.2040868997573853,5e-05
154350,0.40328866243362427,0.319375216960907,0.8391343355178833,5e-05
154400,0.3844457268714905,0.2906094193458557,0.9383630156517029,5e-05
154450,0.3597864508628845,0.2629828155040741,0.9680362939834595,5e-05
154500,0.3774643540382385,0.27829915285110474,0.9916519522666931,5e-05
154550,0.3621044158935547,0.28475111722946167,0.7735329270362854,5e-05
154600,0.41362670063972473,0.3206062614917755,0.9302043318748474,5e-05
154650,0.4358132481575012,0.33826369047164917,0.9754956960678101,5e-05
154700,0.3641056716442108,0.27270129323005676,0.9140438437461853,5e-05
154750,0.3960201144218445,0.29354923963546753,1.0247087478637695,5e-05
154800,0.8035111427307129,0.720744252204895,0.8276686668395996,5e-05
154850,0.4168255627155304,0.33212316036224365,0.8470239639282227,5e-05
154900,0.39566656947135925,0.3062092363834381,0.8945732116699219,5e-05
154950,0.37244129180908203,0.2659343481063843,1.065069556236267,5e-05
155000,0.3454354405403137,0.2532040476799011,0.9223138689994812,5e-05
155050,0.3767451345920563,0.296400785446167,0.8034435510635376,5e-05
155100,0.38796693086624146,0.2835247218608856,1.044421911239624,5e-05
155150,0.38033294677734375,0.2885512709617615,0.9178167581558228,5e-05
155200,0.3513699173927307,0.2558193504810333,0.9555056095123291,5e-05
155250,0.42923858761787415,0.34911543130874634,0.8012315034866333,5e-05
155300,0.3811691105365753,0.30140262842178345,0.7976647615432739,5e-05
155350,0.33559954166412354,0.24447175860404968,0.9112776517868042,5e-05
155400,0.4114990234375,0.3228225111961365,0.8867650628089905,5e-05
155450,0.3490568995475769,0.27017125487327576,0.788856565952301,5e-05
155500,0.4078320562839508,0.31074076890945435,0.9709128141403198,5e-05
155550,0.45312654972076416,0.35131943225860596,1.0180712938308716,5e-05
155600,0.36769986152648926,0.27561163902282715,0.9208823442459106,5e-05
155650,0.416486918926239,0.3171757459640503,0.993111789226532,5e-05
155700,0.3593980371952057,0.24388644099235535,1.1551159620285034,5e-05
155750,0.4223467707633972,0.3314952552318573,0.9085150361061096,5e-05
155800,0.4562314450740814,0.36727797985076904,0.889534592628479,5e-05
155850,0.42698225378990173,0.32099124789237976,1.0599100589752197,5e-05
155900,0.3411732614040375,0.2464754432439804,0.9469780921936035,5e-05
155950,0.39978036284446716,0.3048148453235626,0.9496551156044006,5e-05
156000,0.3651277422904968,0.27935588359832764,0.8577185273170471,5e-05
156050,0.317051500082016,0.21981976926326752,0.9723172187805176,5e-05
156100,0.3883330523967743,0.29130053520202637,0.9703250527381897,5e-05
156150,0.40713736414909363,0.3010789453983307,1.0605841875076294,5e-05
156200,0.3509695529937744,0.2644304037094116,0.8653913140296936,5e-05
156250,0.3944932520389557,0.30352914333343506,0.9096410870552063,5e-05
156300,0.4082076847553253,0.3190653920173645,0.8914229869842529,5e-05
156350,0.38018685579299927,0.29231005907058716,0.8787678480148315,5e-05
156400,0.3871731758117676,0.30011260509490967,0.8706055879592896,5e-05
156450,0.3764358162879944,0.2966856360435486,0.7975018620491028,5e-05
156500,0.4313637316226959,0.33304738998413086,0.9831632971763611,5e-05
156550,0.31052595376968384,0.22365885972976685,0.8686708807945251,5e-05
156600,0.3813963234424591,0.2766619622707367,1.0473434925079346,5e-05
156650,0.38433900475502014,0.30593428015708923,0.7840471863746643,5e-05
156700,0.3385082185268402,0.25859057903289795,0.7991763949394226,5e-05
156750,0.40433239936828613,0.3261031210422516,0.7822928428649902,5e-05
156800,0.43056994676589966,0.3222293257713318,1.0834063291549683,5e-05
156850,0.3691011965274811,0.2822633981704712,0.8683778643608093,5e-05
156900,0.28122806549072266,0.21065853536128998,0.7056953310966492,5e-05
156950,0.4469561278820038,0.3610893785953522,0.8586674332618713,5e-05
157000,0.44354447722435,0.36498939990997314,0.7855507731437683,5e-05
157050,0.43632733821868896,0.3505101203918457,0.8581719994544983,5e-05
157100,0.44202524423599243,0.3534367084503174,0.8858852982521057,5e-05
157150,0.36581289768218994,0.27893397212028503,0.8687891364097595,5e-05
157200,0.3716031610965729,0.28341779112815857,0.8818537592887878,5e-05
157250,0.3313279151916504,0.25486910343170166,0.7645880579948425,5e-05
157300,0.36677518486976624,0.2726689279079437,0.9410626292228699,5e-05
157350,0.4498860836029053,0.32476311922073364,1.2512296438217163,5e-05
157400,0.37591075897216797,0.29185521602630615,0.8405553698539734,5e-05
157450,0.3433662950992584,0.26041358709335327,0.8295270204544067,5e-05
157500,0.41572830080986023,0.3051976263523102,1.105306625366211,5e-05
157550,0.3802185654640198,0.2937037944793701,0.8651478290557861,5e-05
157600,0.3511858582496643,0.2542572021484375,0.9692865014076233,5e-05
157650,0.44421446323394775,0.3470216989517212,0.9719277024269104,5e-05
157700,0.45799869298934937,0.36788061261177063,0.901180624961853,5e-05
157750,0.3856583833694458,0.27258163690567017,1.1307673454284668,5e-05
157800,0.3772684335708618,0.28028008341789246,0.9698834419250488,5e-05
157850,0.3236859440803528,0.24930433928966522,0.743816077709198,5e-05
157900,0.341556191444397,0.25685495138168335,0.8470122218132019,5e-05
157950,0.3385130763053894,0.25892969965934753,0.7958335876464844,5e-05
158000,0.24982908368110657,0.15392565727233887,0.9590341448783875,5e-05
158050,0.40433958172798157,0.3278467059135437,0.7649288177490234,5e-05
158100,0.3871544301509857,0.27885809540748596,1.0829633474349976,5e-05
158150,0.40477287769317627,0.3190111517906189,0.8576172590255737,5e-05
158200,0.38907134532928467,0.3108934164047241,0.7817791104316711,5e-05
158250,0.34694811701774597,0.2646844983100891,0.822636067867279,5e-05
158300,0.3077154755592346,0.21577990055084229,0.9193556308746338,5e-05
158350,0.36029762029647827,0.27660661935806274,0.8369098901748657,5e-05
158400,0.41009706258773804,0.3107232451438904,0.9937381744384766,5e-05
158450,0.3273746371269226,0.25433579087257385,0.730388343334198,5e-05
158500,0.38289278745651245,0.28748857975006104,0.9540420174598694,5e-05
158550,0.36837148666381836,0.2807539105415344,0.8761757612228394,5e-05
158600,0.3052140474319458,0.21169282495975494,0.9352123141288757,5e-05
158650,0.44150829315185547,0.3396525979042053,1.0185569524765015,5e-05
158700,0.3968060314655304,0.289669394493103,1.071366310119629,5e-05
158750,0.3948356807231903,0.29597821831703186,0.9885745048522949,5e-05
158800,0.3694785237312317,0.2853912115097046,0.840873122215271,5e-05
158850,0.36087098717689514,0.26982593536376953,0.9104504585266113,5e-05
158900,0.40452560782432556,0.30285415053367615,1.0167145729064941,5e-05
158950,0.3287758231163025,0.23612742125988007,0.9264840483665466,5e-05
159000,0.288066565990448,0.1894562840461731,0.9861028790473938,5e-05
159050,0.3447835445404053,0.2566308081150055,0.881527304649353,5e-05
159100,0.40245571732521057,0.3322998285293579,0.7015589475631714,5e-05
159150,0.2933833599090576,0.18753992021083832,1.0584343671798706,5e-05
159200,0.4126055836677551,0.34107908606529236,0.7152650952339172,5e-05
159250,0.3973422944545746,0.3048918843269348,0.9245041012763977,5e-05
159300,0.3968759775161743,0.3116256594657898,0.85250324010849,5e-05
159350,0.37137001752853394,0.2808654308319092,0.9050459265708923,5e-05
159450,0.41390854120254517,0.33166277408599854,0.822457492351532,5e-05
159500,0.3663707375526428,0.2878803014755249,0.7849041819572449,5e-05
159550,0.33237141370773315,0.23457445204257965,0.9779697060585022,5e-05
159600,0.40385374426841736,0.3182695508003235,0.8558418154716492,5e-05
159650,0.3337126672267914,0.22160714864730835,1.121055245399475,5e-05
159700,0.4066213071346283,0.3127923011779785,0.9382900595664978,5e-05
159750,0.3176144063472748,0.2470124363899231,0.7060196399688721,5e-05
159800,0.3537399172782898,0.2564365267753601,0.9730337262153625,5e-05
159850,0.3820759654045105,0.2869635820388794,0.9511237740516663,5e-05
159900,0.4252713918685913,0.3261736035346985,0.9909777641296387,5e-05
159950,0.3503844738006592,0.26985132694244385,0.805331289768219,5e-05
160000,0.4511929154396057,0.34650158882141113,1.0469131469726562,5e-05
160050,0.5913561582565308,0.4991210997104645,0.9223504662513733,5e-05
160100,0.3509347438812256,0.2640305757522583,0.8690415024757385,5e-05
160150,0.331054151058197,0.23120960593223572,0.998445451259613,5e-05
160200,0.3685609996318817,0.29318803548812866,0.753729522228241,5e-05
160250,0.3614099323749542,0.2833423912525177,0.7806753516197205,5e-05
160300,0.37038862705230713,0.26781052350997925,1.0257809162139893,5e-05
160350,0.39666271209716797,0.30817145109176636,0.8849126100540161,5e-05
160400,0.3554268479347229,0.2948766350746155,0.6055020689964294,5e-05
160450,0.41223472356796265,0.3279423713684082,0.8429234027862549,5e-05
160500,0.3913196325302124,0.29764512181282043,0.9367451071739197,5e-05
160550,0.4179748296737671,0.33467793464660645,0.8329688310623169,5e-05
160600,0.39695194363594055,0.31671422719955444,0.8023771047592163,5e-05
160650,0.423515647649765,0.33713507652282715,0.8638057112693787,5e-05
160700,0.37296026945114136,0.28391194343566895,0.8904830813407898,5e-05
160750,0.3729957938194275,0.27296680212020874,1.000289797782898,5e-05
160800,0.3693065643310547,0.2762826383113861,0.9302393198013306,5e-05
160850,0.3287894129753113,0.23199979960918427,0.9678961038589478,5e-05
160900,0.44544273614883423,0.3715839684009552,0.7385875582695007,5e-05
160950,0.35367563366889954,0.2629762887954712,0.9069934487342834,5e-05
161000,0.3209983706474304,0.23505179584026337,0.8594657182693481,5e-05
161050,0.37942811846733093,0.2887547016143799,0.9067341685295105,5e-05
161100,0.44910264015197754,0.3538327217102051,0.9526992440223694,5e-05
161150,0.41841790080070496,0.33382448554039,0.8459342122077942,5e-05
161200,0.38554614782333374,0.28874146938323975,0.9680469036102295,5e-05
161250,0.36847060918807983,0.2664759159088135,1.019946813583374,5e-05
161300,0.40701720118522644,0.3077148199081421,0.9930238127708435,5e-05
161350,0.3153870105743408,0.23212389647960663,0.8326310515403748,5e-05
161400,0.357637494802475,0.27022215723991394,0.8741534352302551,5e-05
161450,0.3395887017250061,0.24686604738235474,0.9272263646125793,5e-05
161500,0.3268465995788574,0.24281302094459534,0.8403359055519104,5e-05
161550,0.324811726808548,0.23735828697681427,0.8745344877243042,5e-05
161600,0.4373772144317627,0.32853564620018005,1.0884156227111816,5e-05
161650,0.3805204927921295,0.29398590326309204,0.8653458952903748,5e-05
161700,0.3726018965244293,0.2851206064224243,0.87481290102005,5e-05
161750,0.4331747889518738,0.3358132839202881,0.9736148715019226,5e-05
161800,0.34226515889167786,0.2612130045890808,0.8105215430259705,5e-05
161850,0.45666733384132385,0.3649708032608032,0.9169653058052063,5e-05
161900,0.29599305987358093,0.1958332657814026,1.0015980005264282,5e-05
162000,0.3524472415447235,0.2588721513748169,0.9357507824897766,5e-05
162050,0.4229097366333008,0.350261926651001,0.7264779210090637,5e-05
162100,0.3491196036338806,0.2703481912612915,0.7877140641212463,5e-05
162150,0.365275114774704,0.28517603874206543,0.8009907603263855,5e-05
162200,0.3730224370956421,0.27856212854385376,0.9446030259132385,5e-05
162250,0.3572027385234833,0.26794540882110596,0.8925732970237732,5e-05
162300,0.49442681670188904,0.38687098026275635,1.0755583047866821,5e-05
162350,0.3632802665233612,0.27164286375045776,0.9163740873336792,5e-05
162400,0.3323431611061096,0.2435363084077835,0.888068437576294,5e-05
162450,0.41227713227272034,0.3071260154247284,1.0515110492706299,5e-05
162500,0.3584868013858795,0.25443679094314575,1.0405001640319824,5e-05
162550,0.378989040851593,0.2813296616077423,0.9765938520431519,5e-05
162600,0.3478018045425415,0.2642275094985962,0.8357429504394531,5e-05
162650,0.42357584834098816,0.3321753740310669,0.9140048027038574,5e-05
162700,0.3139221668243408,0.23042967915534973,0.8349246978759766,5e-05
162750,0.34761500358581543,0.2515799403190613,0.9603506922721863,5e-05
162800,0.4314807057380676,0.33062121272087097,1.0085949897766113,5e-05
162850,0.3834468722343445,0.2838669419288635,0.9957992434501648,5e-05
162900,0.3707549571990967,0.28200918436050415,0.8874577879905701,5e-05
162950,0.3661998510360718,0.29223451018333435,0.7396534085273743,5e-05
163000,0.4039914608001709,0.3046915531158447,0.9929991364479065,5e-05
163050,0.44882792234420776,0.358840674161911,0.899872362613678,5e-05
163100,0.46491068601608276,0.3756738305091858,0.8923686742782593,5e-05
163150,0.3692833483219147,0.3024626076221466,0.6682074069976807,5e-05
163200,0.3799433410167694,0.2687847912311554,1.1115853786468506,5e-05
163250,0.415648490190506,0.3278784453868866,0.8777005076408386,5e-05
163300,0.34874096512794495,0.2600180506706238,0.8872291445732117,5e-05
163350,0.4083409011363983,0.3126729130744934,0.9566797614097595,5e-05
163400,0.36788254976272583,0.28892648220062256,0.7895607948303223,5e-05
163450,0.32433876395225525,0.24149936437606812,0.8283939361572266,5e-05
163500,0.39577651023864746,0.3100976347923279,0.8567888140678406,5e-05
163550,0.4117710292339325,0.33312541246414185,0.7864561080932617,5e-05
163600,0.3704937696456909,0.2757609188556671,0.9473283886909485,5e-05
163650,0.41384339332580566,0.29183465242385864,1.2200875282287598,5e-05
163700,0.4072161018848419,0.32625317573547363,0.8096292018890381,5e-05
163750,0.3191802203655243,0.2193707525730133,0.9980946183204651,5e-05
163800,0.40848076343536377,0.3243820071220398,0.8409873843193054,5e-05
163850,0.3650783896446228,0.2576885223388672,1.0738986730575562,5e-05
163900,0.44851571321487427,0.37302684783935547,0.7548887133598328,5e-05
163950,0.40500402450561523,0.31387239694595337,0.9113163352012634,5e-05
164000,0.3951478600502014,0.3019384741783142,0.9320936799049377,5e-05
164050,0.37735968828201294,0.2813569903373718,0.9600268602371216,5e-05
164100,0.35258355736732483,0.264326810836792,0.8825673460960388,5e-05
164150,0.3639959990978241,0.2840156555175781,0.7998033165931702,5e-05
164200,0.32260143756866455,0.2519521415233612,0.706493079662323,5e-05
164250,0.37220266461372375,0.27235329151153564,0.9984937906265259,5e-05
164300,0.3391898274421692,0.2432532012462616,0.9593663811683655,5e-05
164350,0.4004802703857422,0.3217625021934509,0.7871775031089783,5e-05
164400,0.3475516438484192,0.2522156238555908,0.9533600211143494,5e-05
164450,0.31763672828674316,0.2210768163204193,0.9655989408493042,5e-05
164500,0.38091012835502625,0.29030993580818176,0.9060018062591553,5e-05
164550,0.39707672595977783,0.2913963198661804,1.0568041801452637,5e-05
164650,0.3530845642089844,0.25120270252227783,1.0188184976577759,5e-05
164700,0.38116276264190674,0.29438138008117676,0.8678136467933655,5e-05
164750,0.3834490478038788,0.2991776466369629,0.8427140116691589,5e-05
164800,0.3888201415538788,0.2885206937789917,1.0029945373535156,5e-05
164850,0.44788989424705505,0.33485281467437744,1.130370855331421,5e-05
164900,0.38469356298446655,0.28960156440734863,0.9509198069572449,5e-05
164950,0.38985326886177063,0.2963907718658447,0.9346250295639038,5e-05
165000,0.39717531204223633,0.2955920994281769,1.0158321857452393,5e-05
165100,0.3743020296096802,0.2818937301635742,0.9240829348564148,5e-05
165150,0.31991222500801086,0.23677758872509003,0.8313464522361755,5e-05
165200,0.37956905364990234,0.31365180015563965,0.6591724157333374,5e-05
165250,0.34933745861053467,0.2607356011867523,0.886018693447113,5e-05
165300,0.36004364490509033,0.24901363253593445,1.1103001832962036,5e-05
165350,0.44348886609077454,0.3480488657951355,0.9543998837471008,5e-05
165400,0.32492685317993164,0.25923651456832886,0.6569032073020935,5e-05
165450,0.3865315616130829,0.29045331478118896,0.9607824087142944,5e-05
165500,0.3989609181880951,0.3090350031852722,0.8992590308189392,5e-05
165550,0.34884604811668396,0.24113038182258606,1.0771565437316895,5e-05
165600,0.44208845496177673,0.32573065161705017,1.163577914237976,5e-05
165650,0.4323778748512268,0.3416382670402527,0.907396137714386,5e-05
165700,0.3496335744857788,0.25859853625297546,0.9103503823280334,5e-05
165750,0.3873397707939148,0.29223376512527466,0.9510599970817566,5e-05
165800,0.3735122084617615,0.272574245929718,1.009379506111145,5e-05
165850,0.37907326221466064,0.2927616238594055,0.8631163239479065,5e-05
165900,0.4041314125061035,0.3030974864959717,1.0103392601013184,5e-05
165950,0.36694517731666565,0.2808212637901306,0.8612391352653503,5e-05
166000,0.30273428559303284,0.22160275280475616,0.8113153576850891,5e-05
166050,0.3662157654762268,0.2745353579521179,0.9168038964271545,5e-05
166100,0.3059789538383484,0.20528705418109894,1.0069189071655273,5e-05
166150,0.44803616404533386,0.3505871295928955,0.9744903445243835,5e-05
166200,0.3259659707546234,0.24316522479057312,0.8280074596405029,5e-05
166250,0.42750364542007446,0.3344460725784302,0.9305756688117981,5e-05
166300,0.3098587393760681,0.21368777751922607,0.9617094993591309,5e-05
166350,0.3500276803970337,0.25839996337890625,0.9162771105766296,5e-05
166400,0.35471493005752563,0.264801561832428,0.8991337418556213,5e-05
166450,0.35133931040763855,0.2668088972568512,0.8453041911125183,5e-05
166500,0.4886755049228668,0.39816951751708984,0.9050599336624146,5e-05
166550,0.30457571148872375,0.22501236200332642,0.7956334352493286,5e-05
166600,0.3049147129058838,0.23959937691688538,0.6531534790992737,5e-05
166650,0.3837085962295532,0.3031558394432068,0.8055275678634644,5e-05
166700,0.39499807357788086,0.2965361475944519,0.9846192002296448,5e-05
166750,0.3512256145477295,0.25433647632598877,0.9688912034034729,5e-05
166800,0.500256359577179,0.3975113332271576,1.0274500846862793,5e-05
166850,0.439849853515625,0.3437315821647644,0.9611825942993164,5e-05
166900,0.4099385738372803,0.30117255449295044,1.0876600742340088,5e-05
166950,0.35898980498313904,0.27338409423828125,0.8560571670532227,5e-05
167000,0.33574262261390686,0.2465542107820511,0.8918841481208801,5e-05
167050,0.4463774561882019,0.3393894135951996,1.0698803663253784,5e-05
167100,0.4890468120574951,0.3992457389831543,0.8980106115341187,5e-05
167150,0.4842255115509033,0.38999098539352417,0.9423450827598572,5e-05
167200,0.34375447034835815,0.2643241882324219,0.7943026423454285,5e-05
167250,0.3339627683162689,0.2404060810804367,0.935566782951355,5e-05
167300,0.44697892665863037,0.33137041330337524,1.1560851335525513,5e-05
167350,0.42232537269592285,0.3379902243614197,0.843351423740387,5e-05
167400,0.318461149930954,0.23243439197540283,0.8602674603462219,5e-05
167450,0.3524184823036194,0.2607220411300659,0.9169643521308899,5e-05
167500,0.4699166715145111,0.3817441165447235,0.8817254304885864,5e-05
167550,0.36399000883102417,0.26366549730300903,1.0032449960708618,5e-05
167600,0.3729676604270935,0.2893593907356262,0.8360826969146729,5e-05
167650,0.38810068368911743,0.2747015357017517,1.1339913606643677,5e-05
167700,0.39488089084625244,0.29706352949142456,0.9781737327575684,5e-05
167750,0.4696771204471588,0.39884868264198303,0.708284318447113,5e-05
167800,0.37157052755355835,0.2698301374912262,1.0174037218093872,5e-05
167850,0.3855603337287903,0.30642253160476685,0.7913781404495239,5e-05
167900,0.3517618477344513,0.2656497359275818,0.8611210584640503,5e-05
167950,0.3869937062263489,0.31420624256134033,0.7278746366500854,5e-05
168000,0.434469610452652,0.3347257375717163,0.9974386096000671,5e-05
168050,0.3073911666870117,0.2326825112104416,0.7470866441726685,5e-05
168100,0.3794785141944885,0.2941707372665405,0.85307776927948,5e-05
168150,0.4487330913543701,0.3611861765384674,0.8754689693450928,5e-05
168200,0.34397614002227783,0.2689405679702759,0.7503557205200195,5e-05
168250,0.3741353452205658,0.2934538722038269,0.8068146705627441,5e-05
168300,0.4445686936378479,0.3496134281158447,0.9495525360107422,5e-05
168350,0.38993513584136963,0.29471445083618164,0.9522066712379456,5e-05
168400,0.39649486541748047,0.31479358673095703,0.8170127868652344,5e-05
168450,0.3766862750053406,0.28971463441848755,0.8697163462638855,5e-05
168500,0.42142415046691895,0.3450053334236145,0.7641881704330444,5e-05
168550,0.3704683780670166,0.2706353962421417,0.9983299374580383,5e-05
168600,0.44573143124580383,0.3520837128162384,0.9364771246910095,5e-05
168650,0.30461210012435913,0.2336905300617218,0.7092157006263733,5e-05
168700,0.36008650064468384,0.27637821435928345,0.8370828032493591,5e-05
168750,0.4171293079853058,0.32394352555274963,0.9318578243255615,5e-05
168800,0.3891873359680176,0.28914231061935425,1.0004503726959229,5e-05
168850,0.34623533487319946,0.2519853711128235,0.9424997568130493,5e-05
168900,0.3110910654067993,0.21963506937026978,0.9145599007606506,5e-05
168950,0.4624200463294983,0.3722115159034729,0.9020852446556091,5e-05
169000,0.40556007623672485,0.32011786103248596,0.8544219732284546,5e-05
169050,0.3215216100215912,0.22411268949508667,0.9740892052650452,5e-05
169100,0.40878793597221375,0.3240537941455841,0.8473412990570068,5e-05
169150,0.39678728580474854,0.2898545265197754,1.069327712059021,5e-05
169200,0.3280003070831299,0.25291281938552856,0.7508749961853027,5e-05
169250,0.3841956853866577,0.2817881107330322,1.0240756273269653,5e-05
169300,0.40356406569480896,0.3304392099380493,0.7312484979629517,5e-05
169350,0.3551432490348816,0.2792259156703949,0.7591734528541565,5e-05
169400,0.3492927849292755,0.2466472089290619,1.0264557600021362,5e-05
169450,0.40309932827949524,0.3296339511871338,0.7346537113189697,5e-05
169500,0.34599196910858154,0.2542356252670288,0.917563259601593,5e-05
169550,0.33418071269989014,0.251993864774704,0.821868360042572,5e-05
169600,0.46278148889541626,0.3547295928001404,1.0805190801620483,5e-05
169650,0.3155015707015991,0.22655677795410156,0.8894479274749756,5e-05
169700,0.5203672051429749,0.4186294674873352,1.017377257347107,5e-05
169750,0.3435875177383423,0.26889705657958984,0.746904730796814,5e-05
169800,0.40255093574523926,0.3137783110141754,0.8877260684967041,5e-05
169850,0.32964277267456055,0.2443346083164215,0.8530817031860352,5e-05
169900,0.3820898234844208,0.28564637899398804,0.9644343256950378,5e-05
169950,0.39399638772010803,0.2898455858230591,1.0415080785751343,5e-05
170000,0.3805038630962372,0.2953406572341919,0.8516321182250977,5e-05
170050,0.4221401810646057,0.3165440261363983,1.0559614896774292,5e-05
170100,0.4028017520904541,0.330953449010849,0.7184829711914062,5e-05
170150,0.3500015139579773,0.25005626678466797,0.9994522929191589,5e-05
170200,0.4029960036277771,0.2950158417224884,1.0798016786575317,5e-05
170250,0.37162455916404724,0.29919207096099854,0.7243249416351318,5e-05
170300,0.37018635869026184,0.29147741198539734,0.7870893478393555,5e-05
170350,0.4274735748767853,0.3433913588523865,0.8408220410346985,5e-05
170400,0.34125083684921265,0.2446487993001938,0.9660202264785767,5e-05
170450,0.4013276696205139,0.31279024481773376,0.8853741884231567,5e-05
170500,0.3349418640136719,0.26082587242126465,0.7411600351333618,5e-05
170550,0.3759472072124481,0.29194965958595276,0.8399754166603088,5e-05
170600,0.3812006115913391,0.2946006655693054,0.8659995794296265,5e-05
170650,0.34532612562179565,0.26621562242507935,0.7911049723625183,5e-05
170700,0.428585946559906,0.3628290891647339,0.6575685739517212,5e-05
170750,0.38319867849349976,0.3094264566898346,0.7377222776412964,5e-05
170800,0.40387022495269775,0.3194696307182312,0.8440057635307312,5e-05
170850,0.4258517026901245,0.34070026874542236,0.8515143990516663,5e-05
170900,0.417257159948349,0.3367408514022827,0.8051629662513733,5e-05
170950,0.4595913589000702,0.3563617169857025,1.0322962999343872,5e-05
171000,0.3816053867340088,0.2848363518714905,0.9676901698112488,5e-05
171050,0.4407151937484741,0.3356541395187378,1.0506104230880737,5e-05
171100,0.37786436080932617,0.28427451848983765,0.9358982443809509,5e-05
171150,0.3042815923690796,0.2095470428466797,0.9473453760147095,5e-05
171200,0.3963468074798584,0.3153535723686218,0.8099323511123657,5e-05
171250,0.3693832457065582,0.28262507915496826,0.8675816059112549,5e-05
171300,0.3186507523059845,0.22848519682884216,0.9016554355621338,5e-05
171350,0.33549654483795166,0.24706566333770752,0.8843086957931519,5e-05
171400,0.4037706255912781,0.29559770226478577,1.0817290544509888,5e-05
171450,0.451779305934906,0.3490237295627594,1.0275555849075317,5e-05
171500,0.36187034845352173,0.27482545375823975,0.8704490065574646,5e-05
171550,0.3449268937110901,0.2583925426006317,0.8653436303138733,5e-05
171600,0.3590348958969116,0.2827698588371277,0.7626504302024841,5e-05
171650,0.41843387484550476,0.3326362371444702,0.8579763174057007,5e-05
171700,0.3874026834964752,0.3048575222492218,0.825451672077179,5e-05
171750,0.36049336194992065,0.2866096496582031,0.7388370633125305,5e-05
171800,0.460980087518692,0.3660814166069031,0.9489865899085999,5e-05
171850,0.38473111391067505,0.28726935386657715,0.9746176600456238,5e-05
171900,0.37027856707572937,0.2886241674423218,0.8165439963340759,5e-05
171950,0.36251816153526306,0.2778841555118561,0.8463401198387146,5e-05
172000,0.43131309747695923,0.312644362449646,1.1866872310638428,5e-05
172050,0.3552802801132202,0.268119752407074,0.8716052770614624,5e-05
172100,0.3214838206768036,0.23630809783935547,0.851757287979126,5e-05
172150,0.39373263716697693,0.27425727248191833,1.1947535276412964,5e-05
172200,0.4460921883583069,0.3541966676712036,0.9189552068710327,5e-05
172250,0.34987398982048035,0.25787046551704407,0.9200352430343628,5e-05
172300,0.402707576751709,0.3223308026790619,0.8037678003311157,5e-05
172350,0.3836106061935425,0.2951470613479614,0.884635329246521,5e-05
172400,0.37027689814567566,0.2811092436313629,0.8916765451431274,5e-05
172450,0.3413029611110687,0.27414339780807495,0.6715956926345825,5e-05
172500,0.38004761934280396,0.2799715995788574,1.0007601976394653,5e-05
172550,0.3535735011100769,0.26183241605758667,0.917410671710968,5e-05
172600,0.4233406186103821,0.33458757400512695,0.8875302672386169,5e-05
172650,0.3478529751300812,0.258560448884964,0.8929251432418823,5e-05
172700,0.3957561254501343,0.31708431243896484,0.78671795129776,5e-05
172750,0.3924880921840668,0.30557772517204285,0.8691035509109497,5e-05
172800,0.38614946603775024,0.2859359085559845,1.0021355152130127,5e-05
172850,0.3461349308490753,0.2510077655315399,0.9512715339660645,5e-05
172900,0.37322771549224854,0.27855053544044495,0.9467716813087463,5e-05
172950,0.4438355565071106,0.3523160517215729,0.9151949286460876,5e-05
173000,0.35223475098609924,0.2606666684150696,0.9156807065010071,5e-05
173050,0.36643069982528687,0.2669273614883423,0.995033323764801,5e-05
173100,0.3565202057361603,0.26565590500831604,0.9086430072784424,5e-05
173150,0.29988744854927063,0.2028924524784088,0.9699499011039734,5e-05
173200,0.3643576502799988,0.27879640460014343,0.855612576007843,5e-05
173250,0.3104233145713806,0.22675912082195282,0.8366420865058899,5e-05
173300,0.3724207580089569,0.28239691257476807,0.9002383351325989,5e-05
173350,0.31919610500335693,0.23480960726737976,0.8438650369644165,5e-05
173400,0.43347471952438354,0.35032373666763306,0.8315098881721497,5e-05
173450,0.29902130365371704,0.22368744015693665,0.7533384561538696,5e-05
173500,0.3816799521446228,0.2959635853767395,0.8571637272834778,5e-05
173550,0.3662111163139343,0.2866279184818268,0.7958320379257202,5e-05
173600,0.3552255630493164,0.2639821171760559,0.9124343991279602,5e-05
173650,0.4205131530761719,0.3247062563896179,0.9580689668655396,5e-05
173700,0.4117593765258789,0.32447630167007446,0.8728306889533997,5e-05
173750,0.42857158184051514,0.345853328704834,0.8271825909614563,5e-05
173800,0.4720609486103058,0.38813379406929016,0.839271605014801,5e-05
173850,0.4347998797893524,0.35726290941238403,0.7753696441650391,5e-05
173900,0.40849578380584717,0.3125191032886505,0.959766685962677,5e-05
173950,0.35624247789382935,0.2602083683013916,0.960341215133667,5e-05
174000,0.35981228947639465,0.28674736618995667,0.7306491732597351,5e-05
174050,0.36044633388519287,0.2864256203174591,0.7402072548866272,5e-05
174100,0.376994252204895,0.2849755585193634,0.9201867580413818,5e-05
174150,0.49211573600769043,0.39906492829322815,0.9305081963539124,5e-05
174200,0.35504525899887085,0.27471923828125,0.8032601475715637,5e-05
174250,0.3919861912727356,0.28623083233833313,1.0575536489486694,5e-05
174300,0.44174543023109436,0.3527131676673889,0.8903225064277649,5e-05
174350,0.4287808835506439,0.32892102003097534,0.9985986351966858,5e-05
174400,0.3654229938983917,0.2582348585128784,1.0718812942504883,5e-05
174450,0.45608898997306824,0.3605204224586487,0.955685555934906,5e-05
174500,0.45580750703811646,0.3560481071472168,0.9975939989089966,5e-05
174550,0.3856521248817444,0.2747650444507599,1.1088707447052002,5e-05
174600,0.38974279165267944,0.29764407873153687,0.9209871292114258,5e-05
174650,0.3719741106033325,0.2687937617301941,1.0318033695220947,5e-05
174700,0.38490530848503113,0.2979492247104645,0.8695607781410217,5e-05
174750,0.3809490203857422,0.27861952781677246,1.0232948064804077,5e-05
174800,0.36159855127334595,0.2671869695186615,0.9441157579421997,5e-05
174850,0.414720356464386,0.3241466283798218,0.9057374000549316,5e-05
174900,0.38236281275749207,0.2958974242210388,0.8646538257598877,5e-05
174950,0.46714213490486145,0.3744144141674042,0.9272770881652832,5e-05
175000,0.35314881801605225,0.2670048177242279,0.8614400029182434,5e-05
